"Id","DoesAutoRenewAssetByDefault","Name","PricingTerm","PricingTermUnit","SellingModelType","Status","Errors"
"0jPO500000043VZMAY","false","Evergreen - Quarterly","1","Quarterly","Evergreen","Active","#N/A"
"0jPO500000043VaMAI","false","Evergreen - Semi-Annual","1","Semi-Annual","Evergreen","Active","#N/A"
"0jPO500000043VbMAI","false","Evergreen Annual","1","Annual","Evergreen","Active","#N/A"
"0jPO500000043VcMAI","false","Evergreen Monthly","1","Months","Evergreen","Active","#N/A"
"0jPO500000043VdMAI","false","One-Time","#N/A","#N/A","OneTime","Active","#N/A"
"0jPO500000043VeMAI","false","Term Annual","1","Annual","TermDefined","Active","#N/A"
"0jPO500000043VfMAI","false","Term Based - Quarterly","1","Quarterly","TermDefined","Active","#N/A"
"0jPO500000043VgMAI","false","Term Based - Semi-Annual","1","Semi-Annual","TermDefined","Active","#N/A"
"0jPO500000043VhMAI","false","Term Monthly","1","Months","TermDefined","Active","#N/A"
"#N/A","#N/A","#N/A","#N/A","#N/A","#N/A","#N/A","Automatically Renew Asset by Default: value not of required type: "
"#N/A","#N/A","#N/A","#N/A","#N/A","#N/A","#N/A","Automatically Renew Asset by Default: value not of required type: "
"#N/A","#N/A","#N/A","#N/A","#N/A","#N/A","#N/A","Automatically Renew Asset by Default: value not of required type: "
"#N/A","#N/A","#N/A","#N/A","#N/A","#N/A","#N/A","Automatically Renew Asset by Default: value not of required type: "
"#N/A","#N/A","#N/A","#N/A","#N/A","#N/A","#N/A","Automatically Renew Asset by Default: value not of required type: "
